-- phpMyAdmin SQL Dump
-- version 5.1.3
-- https://www.phpmyadmin.net/
--
-- Host: 127.0.0.1
-- Generation Time: May 12, 2024 at 05:41 PM
-- Server version: 10.4.24-MariaDB
-- PHP Version: 8.1.4

SET SQL_MODE = "NO_AUTO_VALUE_ON_ZERO";
START TRANSACTION;
SET time_zone = "+00:00";

--
-- Database: `inventory-app`
--

-- --------------------------------------------------------

--
-- Table structure for table `categories`
--

CREATE TABLE `categories` (
  `id` bigint(20) UNSIGNED NOT NULL,
  `kode` varchar(255) COLLATE utf8mb4_unicode_ci NOT NULL,
  `nama` varchar(255) COLLATE utf8mb4_unicode_ci NOT NULL,
  `created_at` timestamp NULL DEFAULT NULL,
  `updated_at` timestamp NULL DEFAULT NULL
) ENGINE=InnoDB DEFAULT CHARSET=utf8mb4 COLLATE=utf8mb4_unicode_ci;

--
-- Dumping data for table `categories`
--

INSERT INTO `categories` (`id`, `kode`, `nama`, `created_at`, `updated_at`) VALUES
(6, 'D220', 'Deas 220ml', '2024-03-24 20:08:23', '2024-03-24 20:08:23'),
(9, 'D600', 'Deas 600 ml', '2024-04-06 10:26:54', '2024-04-06 10:27:35'),
(10, 'K200', 'Keikan 200 ml', '2024-04-06 10:28:09', '2024-04-06 10:28:09'),
(11, 'K600', 'Keikan 600 ml', '2024-04-06 10:28:38', '2024-04-06 10:28:38'),
(12, 'K220', 'Keikan 220 ml', '2024-04-06 10:29:18', '2024-04-06 10:29:18'),
(13, 'S200', 'Sumber 200 ml', '2024-04-06 10:30:50', '2024-04-06 10:30:50');

-- --------------------------------------------------------

--
-- Table structure for table `distributors`
--

CREATE TABLE `distributors` (
  `id` bigint(20) UNSIGNED NOT NULL,
  `nama` varchar(255) COLLATE utf8mb4_unicode_ci NOT NULL,
  `alamat` varchar(255) COLLATE utf8mb4_unicode_ci NOT NULL,
  `nomor_telepon` varchar(255) COLLATE utf8mb4_unicode_ci NOT NULL,
  `created_at` timestamp NULL DEFAULT NULL,
  `updated_at` timestamp NULL DEFAULT NULL
) ENGINE=InnoDB DEFAULT CHARSET=utf8mb4 COLLATE=utf8mb4_unicode_ci;

--
-- Dumping data for table `distributors`
--

INSERT INTO `distributors` (`id`, `nama`, `alamat`, `nomor_telepon`, `created_at`, `updated_at`) VALUES
(4, 'Toko Sekarwangi', 'Citeureup Pasar', '087780726213', '2024-05-11 01:03:38', '2024-05-11 01:11:48'),
(5, 'Toko Anugrah', 'Gunung Putri', '089528145442', '2024-05-11 01:04:48', '2024-05-11 01:04:48'),
(6, 'Toko pak yanto cijantung', 'cijantung', '081314582560', '2024-05-11 01:06:00', '2024-05-11 01:06:00'),
(7, 'Toko Pak Aman', 'Citeureup', '087874494991', '2024-05-11 01:07:45', '2024-05-11 01:07:45'),
(8, 'Toko Pak Rubiyanto', 'Kamurang', '089604346691', '2024-05-11 01:09:20', '2024-05-11 01:09:20'),
(9, 'Toko Ibu Mey (Meyla)', 'Bojong Gede', '089623945347', '2024-05-11 01:10:26', '2024-05-11 01:10:26'),
(10, 'Toko Mang Din', 'Kebon Kopi Citeureup', '0895349773476', '2024-05-11 01:11:37', '2024-05-11 01:11:37'),
(11, 'Toko onlly Jaya', 'Cibinong Pasar', '081291401281', '2024-05-11 01:12:58', '2024-05-11 01:12:58'),
(12, 'Ritel Iwan', 'Gunung Putri Cagak', '08997516321', '2024-05-11 01:13:50', '2024-05-11 01:13:50'),
(13, 'Toko aa Jaya', 'Leuwiliang Bogor', '087874914018', '2024-05-11 01:15:13', '2024-05-11 01:15:13'),
(14, 'Toko Adi Nambo', 'Gunung Putri Nambo', '089637899716', '2024-05-11 01:16:11', '2024-05-11 01:16:11'),
(15, 'Toko Amas', 'Bekasi cibitung', '085880904800', '2024-05-11 01:17:51', '2024-05-11 01:17:51'),
(16, 'Toko Ambali', 'Liobaru Lanbaw', '089677578898', '2024-05-11 01:18:21', '2024-05-11 01:18:21'),
(17, 'Toko AMS', 'Cianjur', '085659517214', '2024-05-11 01:18:58', '2024-05-11 01:18:58'),
(18, 'Toko Anas', 'Bekasi Tambun', '081285646317', '2024-05-11 01:19:59', '2024-05-11 01:19:59'),
(19, 'Toko Aryo Joyo', 'Cariu', '087788844945', '2024-05-11 01:21:06', '2024-05-11 01:21:06'),
(20, 'Toko Azka', 'Babakan Madang Sentul', '085938544191', '2024-05-11 01:22:00', '2024-05-11 01:22:00'),
(21, 'Toko Batara Wijaya', 'Bogor', '088976211719', '2024-05-11 01:22:58', '2024-05-11 01:22:58'),
(22, 'Toko Berkah Abadi Jaya', 'Bekasi Sumarecon', '083870602777', '2024-05-11 01:24:03', '2024-05-11 01:24:03'),
(23, 'Toko Bintang', 'Karadenan Cibinong', '0882110478555', '2024-05-11 01:25:25', '2024-05-11 01:25:25'),
(24, 'Toko Pak Ade', 'Depok Simpangan', '081281902000', '2024-05-11 01:26:32', '2024-05-11 01:26:32'),
(25, 'Toko Pak Bambang', 'Bekasi Wisma Asri', '087777172777', '2024-05-11 01:28:07', '2024-05-11 01:28:07'),
(26, 'Toko Pak Imam', 'Cibinong Pabuaran', '08121115787', '2024-05-11 01:28:59', '2024-05-11 01:28:59'),
(27, 'Toko Pak Pepen Sumber', 'Serang Banten', '081932899658', '2024-05-11 01:29:46', '2024-05-11 01:29:46'),
(28, 'Toko Pak Rohim', 'Karanggan Citeureup', '08989393507', '2024-05-11 01:30:44', '2024-05-11 01:30:44'),
(29, 'Toko Pak Suroso', 'Bekang Cibinong', '081292716024', '2024-05-11 01:31:35', '2024-05-11 01:31:35'),
(30, 'Toko Cahaya Maju Berkah', 'Depok Margo', '081316332005', '2024-05-11 01:32:26', '2024-05-11 01:32:26'),
(32, 'Toko Pak Edi', 'Pasar Serang Cikarang', '083808400353', '2024-05-11 01:33:27', '2024-05-11 01:33:27'),
(33, 'Toko Embun Pagi', 'Jampang Bekasi', '085846950029', '2024-05-11 01:34:24', '2024-05-11 01:34:24'),
(34, 'Toko Pak Ridwan', 'Bogor Mega Mendung', '082112784388', '2024-05-11 01:35:13', '2024-05-11 01:35:13'),
(35, 'Toko Hasibuan', 'Depok Cilangkap', '087762991865', '2024-05-11 01:35:56', '2024-05-11 01:35:56'),
(36, 'Toko Hendrik Jaya', 'Cimanggis Depok', '08170200005', '2024-05-11 01:36:49', '2024-05-11 01:36:49'),
(37, 'Toko Hidup Baru', 'Cibinong', '0811160671', '2024-05-11 01:37:47', '2024-05-11 01:37:47'),
(38, 'Toko HR', 'Leuwiliang Sentul', '081617915554', '2024-05-11 01:38:34', '2024-05-11 01:38:34'),
(39, 'Toko Awey', 'Bebulak Bogor', '0817719191', '2024-05-11 01:40:44', '2024-05-11 01:40:44'),
(40, 'Toko Pak Joko', 'Karanggan Citeureup', '08128088466', '2024-05-11 01:59:30', '2024-05-11 01:59:30'),
(41, 'Toko Putra Barokah', 'Subang Kalijati', '081315083551', '2024-05-11 02:03:02', '2024-05-11 02:09:27'),
(42, 'Toko Riski Sejahtera', 'Tasikmalaya', '081319239548', '2024-05-11 02:05:02', '2024-05-11 02:05:02'),
(43, 'Toko Rofara', 'Tapos Depok', '08q372884397', '2024-05-11 02:06:00', '2024-05-11 02:06:00'),
(44, 'Toko Sayuti', 'Cibinong Pemda', '08561183450', '2024-05-11 02:06:54', '2024-05-11 02:06:54'),
(45, 'Toko Setia Jaya', 'Bojong Gede', '082122340649', '2024-05-11 02:07:59', '2024-05-11 02:07:59'),
(46, 'Toko Sumber Rejeki', 'Pasar Citeureup 2', '081218381606', '2024-05-11 02:09:06', '2024-05-11 02:09:06'),
(47, 'Toko Surya Jaya', 'Bogor Dramaga', '083890330004', '2024-05-11 02:10:40', '2024-05-11 02:10:40'),
(48, 'Toko Wulan', 'Cilembut', '085888707846', '2024-05-11 02:11:16', '2024-05-11 02:11:16'),
(49, 'Toko Yadi Cibarusa', 'Cibarusa', '087772571929', '2024-05-11 02:13:05', '2024-05-11 02:13:05');

-- --------------------------------------------------------

--
-- Table structure for table `failed_jobs`
--

CREATE TABLE `failed_jobs` (
  `id` bigint(20) UNSIGNED NOT NULL,
  `uuid` varchar(255) COLLATE utf8mb4_unicode_ci NOT NULL,
  `connection` text COLLATE utf8mb4_unicode_ci NOT NULL,
  `queue` text COLLATE utf8mb4_unicode_ci NOT NULL,
  `payload` longtext COLLATE utf8mb4_unicode_ci NOT NULL,
  `exception` longtext COLLATE utf8mb4_unicode_ci NOT NULL,
  `failed_at` timestamp NOT NULL DEFAULT current_timestamp()
) ENGINE=InnoDB DEFAULT CHARSET=utf8mb4 COLLATE=utf8mb4_unicode_ci;

-- --------------------------------------------------------

--
-- Table structure for table `items`
--

CREATE TABLE `items` (
  `id` bigint(20) UNSIGNED NOT NULL,
  `category_id` bigint(20) UNSIGNED NOT NULL,
  `distributor_id` bigint(20) UNSIGNED DEFAULT NULL,
  `kuantitas` int(11) NOT NULL,
  `tipe` varchar(255) COLLATE utf8mb4_unicode_ci NOT NULL,
  `expired_barang` date NOT NULL,
  `ditambahkan_oleh` int(11) NOT NULL,
  `created_at` timestamp NULL DEFAULT NULL,
  `updated_at` timestamp NULL DEFAULT NULL
) ENGINE=InnoDB DEFAULT CHARSET=utf8mb4 COLLATE=utf8mb4_unicode_ci;

--
-- Dumping data for table `items`
--

INSERT INTO `items` (`id`, `category_id`, `distributor_id`, `kuantitas`, `tipe`, `expired_barang`, `ditambahkan_oleh`, `created_at`, `updated_at`) VALUES
(17, 6, NULL, 7660, 'HASIL\r\n                                        PRODUKSI', '2027-01-02', 12, '2024-01-02 02:13:25', '2024-05-11 10:48:50'),
(18, 9, NULL, 206, 'HASIL\r\n                                        PRODUKSI', '2027-01-02', 12, '2024-01-02 02:29:37', '2024-05-11 03:05:14'),
(19, 10, NULL, 2776, 'HASIL\r\n                                        PRODUKSI', '2027-01-02', 12, '2024-01-02 02:30:22', '2024-05-11 03:05:27'),
(20, 12, NULL, 853, 'HASIL\r\n                                        PRODUKSI', '2027-01-02', 12, '2024-01-02 02:31:01', '2024-05-11 03:05:35'),
(21, 11, NULL, 117, 'HASIL\r\n                                        PRODUKSI', '2027-01-02', 12, '2024-01-02 02:31:51', '2024-05-11 03:05:44'),
(22, 13, NULL, 5349, 'HASIL\r\n                                        PRODUKSI', '2027-01-02', 12, '2024-01-02 02:32:22', '2024-05-11 10:49:06'),
(24, 13, 27, 280, 'BARANG KELUAR', '2027-01-02', 12, '2024-01-02 03:02:33', '2024-05-11 03:03:24'),
(26, 6, 43, 250, 'BARANG KELUAR', '2027-01-02', 12, '2024-01-02 03:07:24', '2024-05-11 03:08:01'),
(27, 6, 33, 851, 'BARANG KELUAR', '2027-01-02', 12, '2024-01-02 03:08:07', '2024-05-11 03:09:16'),
(28, 9, 33, 160, 'BARANG KELUAR', '2027-01-02', 12, '2024-01-02 03:09:19', '2024-05-11 03:09:44'),
(29, 11, 33, 25, 'BARANG KELUAR', '2027-01-02', 12, '2024-01-02 03:10:05', '2024-05-11 03:10:49'),
(30, 6, 26, 200, 'BARANG KELUAR', '2027-01-02', 12, '2024-01-02 03:11:13', '2024-05-11 03:11:48'),
(31, 6, 4, 650, 'BARANG KELUAR', '2027-01-02', 12, '2024-01-02 03:14:57', '2024-05-11 03:15:15'),
(32, 9, NULL, 200, 'HASIL PRODUKSI', '2027-01-03', 12, '2024-01-03 03:16:08', '2024-05-11 03:16:30'),
(33, 10, NULL, 1807, 'HASIL PRODUKSI', '2027-01-03', 12, '2024-01-03 03:16:32', '2024-05-11 03:16:59'),
(34, 11, NULL, 251, 'HASIL\r\n                                        PRODUKSI', '2027-01-03', 12, '2024-01-03 03:17:05', '2024-05-11 05:09:05'),
(35, 13, NULL, 2475, 'HASIL PRODUKSI', '2027-01-03', 12, '2024-01-03 03:17:37', '2024-05-11 03:17:51'),
(36, 6, 37, 250, 'BARANG KELUAR', '2027-01-03', 12, '2024-01-03 03:17:58', '2024-05-11 03:18:19'),
(37, 6, 12, 150, 'BARANG KELUAR', '2027-01-03', 12, '2024-01-03 03:19:18', '2024-05-11 03:19:42'),
(38, 10, 12, 30, 'BARANG KELUAR', '2027-01-03', 12, '2024-01-03 03:19:44', '2024-05-11 03:20:11'),
(39, 6, 36, 17, 'BARANG KELUAR', '2027-01-03', 12, '2024-01-03 03:20:16', '2024-05-11 03:20:41'),
(40, 10, 18, 866, 'BARANG KELUAR', '2027-01-03', 12, '2024-01-03 03:21:19', '2024-05-11 03:22:04'),
(41, 10, 33, 701, 'BARANG KELUAR', '2027-01-03', 12, '2024-01-03 03:22:08', '2024-05-11 03:22:34'),
(42, 12, 36, 650, 'BARANG KELUAR', '2027-01-03', 12, '2024-01-03 03:22:37', '2024-05-11 03:23:14'),
(43, 11, 33, 152, 'BARANG KELUAR', '2024-02-03', 12, '2024-01-03 03:23:19', '2024-05-11 03:23:43'),
(44, 13, 27, 1518, 'BARANG KELUAR', '2027-01-03', 12, '2024-01-03 03:23:47', '2024-05-11 03:24:12'),
(45, 6, NULL, 1206, 'HASIL PRODUKSI', '2027-01-04', 12, '2024-01-04 03:25:41', '2024-05-11 03:26:05'),
(46, 9, NULL, 327, 'HASIL PRODUKSI', '2027-01-04', 12, '2024-01-04 03:26:08', '2024-05-11 03:26:27'),
(47, 10, NULL, 2201, 'HASIL PRODUKSI', '2027-01-04', 12, '2024-01-04 03:27:02', '2024-05-11 03:27:23'),
(48, 12, NULL, 856, 'HASIL PRODUKSI', '2027-01-04', 12, '2024-01-04 03:27:25', '2024-05-11 03:27:54'),
(49, 11, NULL, 90, 'HASIL PRODUKSI', '2027-01-04', 12, '2024-01-04 03:27:57', '2024-05-11 03:28:18'),
(50, 6, 12, 350, 'BARANG KELUAR', '2027-01-04', 12, '2024-01-04 03:28:48', '2024-05-11 03:29:08'),
(51, 6, 48, 500, 'BARANG KELUAR', '2027-01-04', 12, '2024-01-04 03:29:10', '2024-05-11 03:29:40'),
(52, 6, 46, 150, 'BARANG KELUAR', '2027-01-04', 12, '2024-01-04 03:29:43', '2024-05-11 03:30:13'),
(53, 6, 33, 751, 'BARANG KELUAR', '2027-01-04', 12, '2024-01-04 03:30:14', '2024-05-11 03:30:43'),
(54, 9, 33, 101, 'BARANG KELUAR', '2027-01-04', 12, '2024-01-04 03:30:51', '2024-05-11 03:31:14'),
(55, 10, 5, 100, 'BARANG KELUAR', '2027-01-04', 12, '2024-01-04 03:31:21', '2024-05-11 03:31:41'),
(56, 10, 22, 200, 'BARANG KELUAR', '2027-01-04', 12, '2024-01-04 03:31:43', '2024-05-11 03:32:18'),
(57, 10, 32, 851, 'BARANG KELUAR', '2027-01-04', 12, '2024-01-04 03:32:23', '2024-05-11 03:32:56'),
(58, 13, 27, 1400, 'BARANG KELUAR', '2027-01-04', 12, '2024-01-04 03:33:13', '2024-05-11 03:33:35'),
(59, 6, NULL, 1791, 'HASIL PRODUKSI', '2027-01-05', 12, '2024-01-05 03:34:04', '2024-05-11 03:34:22'),
(60, 10, NULL, 1850, 'HASIL PRODUKSI', '2027-01-05', 12, '2024-01-05 03:34:26', '2024-05-11 03:34:46'),
(61, 11, NULL, 163, 'HASIL PRODUKSI', '2027-01-05', 12, '2024-01-05 03:34:55', '2024-05-11 03:35:13'),
(62, 6, 20, 300, 'BARANG KELUAR', '2027-01-05', 12, '2024-01-05 03:35:22', '2024-05-11 03:36:10'),
(63, 9, 20, 50, 'BARANG KELUAR', '0004-01-05', 12, '2024-01-05 03:36:13', '2024-05-11 03:36:41'),
(64, 9, 34, 100, 'BARANG KELUAR', '2027-01-05', 12, '2024-01-05 03:36:56', '2024-05-11 03:37:39'),
(65, 10, 34, 450, 'BARANG KELUAR', '2027-01-05', 12, '2024-01-05 03:38:10', '2024-05-11 03:38:48'),
(66, 11, 34, 180, 'BARANG KELUAR', '2027-01-05', 12, '2024-01-05 03:38:51', '2024-05-11 03:39:18'),
(67, 6, 6, 325, 'BARANG KELUAR', '2027-01-06', 12, '2024-01-06 04:50:21', '2024-05-11 04:50:51'),
(68, 6, 43, 250, 'BARANG KELUAR', '2027-01-06', 12, '2024-01-06 04:50:54', '2024-05-11 04:51:27'),
(69, 6, 26, 200, 'BARANG KELUAR', '2027-01-06', 12, '2024-01-06 04:51:35', '2024-05-11 04:52:05'),
(70, 13, 27, 400, 'BARANG KELUAR', '2027-01-06', 12, '2024-01-06 04:52:11', '2024-05-11 04:53:00'),
(71, 6, NULL, 2258, 'HASIL PRODUKSI', '2027-01-08', 12, '2024-01-08 04:53:18', '2024-05-11 04:53:53'),
(72, 6, 23, 400, 'BARANG KELUAR', '2027-01-08', 12, '2024-01-08 04:53:58', '2024-05-11 04:54:34'),
(73, 6, 12, 100, 'BARANG KELUAR', '2027-01-08', 12, '2024-01-08 04:54:39', '2024-05-11 04:55:04'),
(74, 9, NULL, 100, 'HASIL PRODUKSI', '2027-01-08', 12, '2024-01-08 04:55:25', '2024-05-11 04:55:43'),
(75, 13, NULL, 2300, 'HASIL\r\n                                        PRODUKSI', '2027-01-08', 12, '2024-01-08 04:55:49', '2024-05-11 09:00:10'),
(76, 10, 36, 800, 'BARANG KELUAR', '2027-01-08', 12, '2024-01-08 04:56:17', '2024-05-11 04:56:57'),
(77, 13, 27, 250, 'BARANG KELUAR', '2027-01-08', 12, '2024-01-08 04:57:05', '2024-05-11 04:57:34'),
(79, 10, 17, 930, 'BARANG KELUAR', '2027-01-02', 12, '2024-01-02 05:05:21', '2024-05-11 05:05:42'),
(80, 10, NULL, 1276, 'HASIL PRODUKSI', '2027-01-09', 12, '2024-01-09 05:14:05', '2024-05-11 05:14:24'),
(81, 12, NULL, 860, 'HASIL\r\n                                        PRODUKSI', '2027-01-09', 12, '2024-01-09 05:14:33', '2024-05-11 05:15:14'),
(82, 6, 38, 606, 'BARANG KELUAR', '2027-01-09', 12, '2024-01-09 05:30:07', '2024-05-11 05:33:12'),
(83, 6, 4, 650, 'BARANG KELUAR', '2027-01-09', 12, '2024-01-09 05:33:22', '2024-05-11 05:33:51'),
(84, 6, 14, 200, 'BARANG KELUAR', '2027-01-09', 12, '2024-01-09 05:34:00', '2024-05-11 05:34:29'),
(85, 10, 43, 1210, 'BARANG KELUAR', '2027-01-09', 12, '2024-01-09 05:34:36', '2024-05-11 05:35:02'),
(86, 6, 14, 128, 'BARANG KELUAR', '2027-01-09', 12, '2024-01-09 03:35:15', '2024-05-11 05:35:43'),
(87, 6, 18, 150, 'BARANG KELUAR', '2027-01-09', 12, '2024-01-09 03:35:47', '2024-05-11 05:36:21'),
(88, 9, 13, 150, 'BARANG KELUAR', '2027-01-09', 12, '2024-01-09 03:36:26', '2024-05-11 05:37:13'),
(89, 10, 13, 50, 'BARANG KELUAR', '2027-01-09', 12, '2024-01-09 05:37:44', '2024-05-11 05:38:13'),
(90, 6, NULL, 2227, 'HASIL PRODUKSI', '2027-02-10', 12, '2024-01-10 03:42:41', '2024-05-11 05:43:10'),
(91, 10, NULL, 1276, 'HASIL PRODUKSI', '2027-01-10', 12, '2024-01-10 03:43:14', '2024-05-11 05:43:41'),
(92, 11, NULL, 606, 'HASIL PRODUKSI', '2027-12-10', 12, '2024-01-10 03:43:47', '2024-05-11 05:44:21'),
(93, 10, 45, 865, 'BARANG KELUAR', '2027-01-10', 12, '2024-01-10 03:44:33', '2024-05-11 05:45:10'),
(94, 6, 23, 200, 'BARANG KELUAR', '2027-12-10', 12, '2024-01-10 03:45:18', '2024-05-11 05:45:57'),
(95, 6, 37, 250, 'BARANG KELUAR', '2027-12-10', 12, '2024-01-10 03:46:02', '2024-05-11 05:47:25'),
(96, 6, 4, 650, 'BARANG KELUAR', '2027-01-10', 12, '2024-01-10 03:47:27', '2024-05-11 05:47:59'),
(97, 11, 33, 700, 'BARANG KELUAR', '2027-01-10', 12, '2024-01-10 05:48:13', '2024-05-11 05:48:51'),
(98, 13, 27, 107, 'BARANG KELUAR', '2027-01-10', 12, '2024-01-10 03:48:54', '2024-05-11 05:49:36'),
(99, 10, NULL, 2187, 'HASIL PRODUKSI', '2027-01-11', 12, '2024-01-11 03:49:52', '2024-05-11 05:50:27'),
(100, 11, NULL, 759, 'HASIL PRODUKSI', '2027-01-11', 12, '2024-01-11 03:00:31', '2024-05-11 05:51:02'),
(101, 6, 12, 100, 'BARANG KELUAR', '2027-01-11', 12, '2024-01-11 03:51:16', '2024-05-11 05:51:50'),
(102, 9, 12, 10, 'BARANG KELUAR', '2027-01-11', 12, '2024-01-11 03:51:54', '2024-05-11 05:52:28'),
(103, 10, 12, 15, 'BARANG KELUAR', '2027-12-11', 12, '2024-01-11 03:58:16', '2024-05-11 05:58:45'),
(104, 6, 7, 100, 'BARANG KELUAR', '2027-01-11', 12, '2024-01-11 03:04:02', '2024-05-11 06:04:31'),
(105, 6, 25, 50, 'BARANG KELUAR', '2027-01-11', 12, '2024-01-11 03:05:06', '2024-05-11 06:06:36'),
(106, 10, 25, 30, 'BARANG KELUAR', '2027-01-11', 12, '2024-01-11 03:06:51', '2024-05-11 06:08:04'),
(107, 11, 25, 20, 'BARANG KELUAR', '2027-01-11', 12, '2024-01-11 03:08:07', '2024-05-11 06:08:47'),
(108, 6, 14, 100, 'BARANG KELUAR', '2027-01-11', 12, '2024-01-11 03:08:54', '2024-05-11 06:09:47'),
(109, 6, 6, 250, 'BARANG KELUAR', '2027-01-11', 12, '2024-01-11 06:09:55', '2024-05-11 06:10:30'),
(110, 6, 6, 250, 'BARANG KELUAR', '2027-01-11', 12, '2024-01-11 06:09:55', '2024-05-11 06:10:32'),
(111, 12, 6, 100, 'BARANG KELUAR', '2027-01-11', 12, '2024-01-11 06:10:58', '2024-05-11 06:11:25'),
(112, 10, 14, 150, 'BARANG KELUAR', '2027-01-11', 12, '2024-01-11 03:11:50', '2024-05-11 06:12:25'),
(113, 10, 29, 160, 'BARANG KELUAR', '2027-01-11', 12, '2024-01-11 03:12:35', '2024-05-11 06:13:35'),
(114, 12, 41, 50, 'BARANG KELUAR', '2027-01-11', 12, '2024-01-11 06:13:43', '2024-05-11 06:14:26'),
(115, 11, 41, 50, 'BARANG KELUAR', '2027-01-11', 12, '2024-01-11 06:14:29', '2024-05-11 06:15:00'),
(116, 6, NULL, 2249, 'HASIL PRODUKSI', '2027-01-12', 12, '2024-01-12 06:15:15', '2024-05-11 06:15:46'),
(117, 11, NULL, 300, 'HASIL PRODUKSI', '2027-01-12', 12, '2024-01-12 06:15:58', '2024-05-11 06:16:37'),
(118, 10, 14, 200, 'BARANG KELUAR', '2027-01-12', 12, '2024-01-12 06:16:52', '2024-05-11 06:17:24'),
(119, 6, 33, 653, 'BARANG KELUAR', '2027-01-12', 12, '2024-01-12 06:17:28', '2024-05-11 06:18:01'),
(120, 11, 33, 111, 'BARANG KELUAR', '2027-01-12', 12, '2024-01-12 06:18:10', '2024-05-11 06:18:44'),
(121, 6, 6, 70, 'BARANG KELUAR', '2027-01-12', 12, '2024-01-12 06:26:18', '2024-05-11 06:26:53'),
(122, 9, 6, 19, 'BARANG KELUAR', '2027-01-12', 12, '2024-01-12 06:27:01', '2024-05-11 06:27:29'),
(123, 10, 6, 20, 'BARANG KELUAR', '2027-01-12', 12, '2024-01-12 06:27:35', '2024-05-11 06:28:12'),
(124, 11, 6, 11, 'BARANG KELUAR', '2027-01-12', 12, '2024-01-12 06:28:17', '2024-05-11 06:28:53'),
(125, 6, 17, 159, 'BARANG KELUAR', '2027-01-12', 12, '2024-01-12 06:29:01', '2024-05-11 06:29:28'),
(126, 10, 17, 750, 'BARANG KELUAR', '2027-12-12', 12, '2024-01-12 06:29:33', '2024-05-11 06:30:01'),
(127, 6, 12, 120, 'BARANG KELUAR', '2027-01-13', 12, '2024-01-13 06:30:13', '2024-05-11 06:30:43'),
(128, 6, 42, 850, 'BARANG KELUAR', '2027-01-13', 12, '2024-01-13 06:30:47', '2024-05-11 06:31:23'),
(129, 6, 8, 10, 'BARANG KELUAR', '2027-01-13', 12, '2024-01-13 06:31:30', '2024-05-11 06:31:54'),
(130, 10, 8, 200, 'BARANG KELUAR', '2027-01-13', 12, '2024-01-13 06:31:59', '2024-05-11 06:32:25'),
(131, 10, 7, 250, 'BARANG KELUAR', '2027-01-13', 12, '2024-01-13 06:32:29', '2024-05-11 06:33:09'),
(132, 6, 9, 10, 'BARANG KELUAR', '2027-12-13', 12, '2024-01-13 06:33:28', '2024-05-11 06:33:55'),
(133, 6, 9, 160, 'BARANG KELUAR', '2027-01-13', 12, '2024-01-13 06:33:59', '2024-05-11 06:34:38'),
(134, 12, 9, 100, 'BARANG KELUAR', '2027-01-13', 12, '2024-01-13 06:34:42', '2024-05-11 06:35:21'),
(135, 12, 36, 650, 'BARANG KELUAR', '2027-01-13', 12, '2024-01-13 06:35:43', '2024-05-11 06:36:23'),
(136, 11, 36, 100, 'BARANG KELUAR', '2027-01-13', 12, '2024-01-13 06:36:45', '2024-05-11 06:37:21'),
(137, 10, 6, 455, 'BARANG KELUAR', '2027-12-13', 12, '2024-01-13 06:37:25', '2024-05-11 06:37:59'),
(138, 11, 6, 25, 'BARANG KELUAR', '2027-01-13', 12, '2024-01-13 06:38:03', '2024-05-11 06:38:44'),
(139, 6, 37, 250, 'BARANG KELUAR', '2027-01-13', 12, '2024-01-13 06:38:47', '2024-05-11 06:39:23'),
(140, 6, 33, 100, 'BARANG KELUAR', '2027-01-13', 12, '2024-01-13 06:39:26', '2024-05-11 06:39:56'),
(141, 11, 33, 201, 'BARANG KELUAR', '2027-01-13', 12, '2024-01-13 06:39:59', '2024-05-11 06:40:23'),
(142, 6, 12, 120, 'BARANG KELUAR', '2027-12-15', 12, '2024-01-15 06:40:39', '2024-05-11 06:41:05'),
(143, 6, 33, 601, 'BARANG KELUAR', '2027-01-15', 12, '2024-01-15 06:41:11', '2024-05-11 06:41:41'),
(144, 6, 6, 470, 'BARANG KELUAR', '2027-01-15', 12, '2024-01-15 06:41:44', '2024-05-11 06:42:17'),
(145, 6, 44, 250, 'BARANG KELUAR', '2027-01-15', 12, '2024-01-15 06:42:24', '2024-05-11 06:43:17'),
(146, 9, 33, 12, 'BARANG KELUAR', '0000-00-00', 12, '2024-01-15 06:43:25', '2024-05-11 06:44:00'),
(147, 11, 33, 201, 'BARANG KELUAR', '2027-01-15', 12, '2024-01-15 06:44:20', '2024-05-11 06:44:58'),
(148, 10, 13, 250, 'BARANG KELUAR', '2027-01-15', 12, '2024-01-15 06:45:02', '2024-05-11 06:45:32'),
(149, 10, 17, 83, 'BARANG KELUAR', '2027-01-15', 12, '2024-01-15 06:45:37', '2024-05-11 06:46:17'),
(150, 12, 17, 120, 'BARANG KELUAR', '2027-01-15', 12, '2024-01-15 06:46:22', '2024-05-11 06:46:58'),
(151, 6, 49, 250, 'BARANG KELUAR', '2024-01-12', 12, '2024-01-16 06:50:49', '2024-05-11 06:52:06'),
(152, 6, 23, 400, 'BARANG KELUAR', '2027-01-12', 12, '2024-01-16 06:52:12', '2024-05-11 06:52:39'),
(153, 6, 42, 850, 'BARANG KELUAR', '2027-01-12', 12, '2024-01-16 06:52:49', '2024-05-11 06:53:14'),
(154, 10, 40, 600, 'BARANG KELUAR', '2027-01-12', 12, '2024-01-16 06:53:32', '2024-05-11 06:54:28'),
(155, 10, 36, 53, 'BARANG KELUAR', '2024-01-12', 12, '2024-01-16 06:54:32', '2024-05-11 06:55:14'),
(156, 10, 5, 150, 'BARANG KELUAR', '0027-01-12', 12, '2024-01-16 06:55:29', '2024-05-11 06:56:07'),
(157, 10, 6, 130, 'BARANG KELUAR', '2027-01-12', 12, '2024-01-16 06:56:24', '2024-05-11 06:57:05'),
(160, 10, 11, 400, 'BARANG KELUAR', '2027-01-12', 12, '2024-01-17 06:59:09', '2024-05-11 06:59:53'),
(161, 10, 46, 150, 'BARANG KELUAR', '2027-01-12', 12, '2024-01-17 07:00:18', '2024-05-11 07:01:01'),
(162, 10, 22, 900, 'BARANG KELUAR', '2027-01-12', 12, '2024-01-17 07:01:10', '2024-05-11 07:01:38'),
(163, 6, 11, 200, 'BARANG KELUAR', '2027-01-12', 12, '2024-01-17 07:06:12', '2024-05-11 07:06:42'),
(164, 10, 36, 747, 'BARANG KELUAR', '2027-02-12', 12, '2024-01-16 07:08:24', '2024-05-11 07:08:50'),
(165, 6, NULL, 2855, 'HASIL PRODUKSI', '2027-01-19', 12, '2024-01-19 07:10:18', '2024-05-11 07:10:42'),
(166, 9, NULL, 432, 'HASIL PRODUKSI', '2027-01-19', 12, '2024-01-19 07:10:45', '2024-05-11 07:11:23'),
(167, 12, NULL, 873, 'HASIL PRODUKSI', '2027-01-19', 12, '2024-01-19 04:11:27', '2024-05-11 07:12:16'),
(168, 6, 33, 1352, 'BARANG KELUAR', '2027-01-19', 12, '2024-01-19 07:14:28', '2024-05-11 07:20:40'),
(169, 6, 4, 650, 'BARANG KELUAR', '2027-01-19', 12, '2024-01-19 07:21:19', '2024-05-11 07:28:38'),
(170, 6, 6, 250, 'BARANG KELUAR', '2027-01-19', 12, '2024-01-19 07:28:41', '2024-05-11 07:29:16'),
(171, 6, 33, 240, 'BARANG KELUAR', '2027-01-19', 12, '2024-01-19 07:29:26', '2024-05-11 07:29:55'),
(172, 10, 5, 450, 'BARANG KELUAR', '2027-01-19', 12, '2024-01-19 07:30:00', '2024-05-11 07:30:32'),
(173, 11, 33, 60, 'BARANG KELUAR', '2027-01-12', 12, '2024-01-19 07:30:40', '2024-05-11 07:31:23'),
(174, 6, NULL, 1943, 'HASIL\r\n                                        PRODUKSI', '2027-01-20', 12, '2024-01-20 03:32:11', '2024-05-11 07:36:19'),
(175, 9, NULL, 457, 'HASIL PRODUKSI', '2027-01-20', 12, '2024-01-20 07:34:12', '2024-05-11 07:34:51'),
(176, 6, 37, 250, 'BARANG KELUAR', '2027-01-20', 12, '2024-01-20 07:36:49', '2024-05-11 07:37:22'),
(177, 6, 35, 200, 'BARANG KELUAR', '2027-01-20', 12, '2024-01-20 03:37:25', '2024-05-11 07:37:58'),
(178, 6, 4, 650, 'BARANG KELUAR', '2027-01-20', 12, '2024-01-20 04:38:03', '2024-05-11 07:38:36'),
(179, 6, 33, 701, 'BARANG KELUAR', '2027-01-20', 12, '2024-01-20 03:38:39', '2024-05-11 07:39:42'),
(180, 9, 33, 151, 'BARANG KELUAR', '2027-01-20', 12, '2024-01-20 03:39:46', '2024-05-11 07:40:25'),
(181, 10, 33, 100, 'BARANG KELUAR', '2027-01-20', 12, '2024-01-20 03:40:28', '2024-05-11 07:41:06'),
(182, 9, 35, 100, 'BARANG KELUAR', '2027-01-20', 12, '2024-01-20 07:41:15', '2024-05-11 07:41:46'),
(183, 13, 27, 1104, 'BARANG KELUAR', '2027-01-20', 12, '2024-01-20 04:41:52', '2024-05-11 07:42:18'),
(184, 6, NULL, 1882, 'HASIL\r\n                                        PRODUKSI', '2027-01-22', 12, '2024-01-22 02:13:12', '2024-05-11 08:14:19'),
(185, 9, NULL, 453, 'HASIL PRODUKSI', '2027-01-22', 12, '2024-01-22 03:13:35', '2024-05-11 08:14:07'),
(186, 10, NULL, 2132, 'HASIL PRODUKSI', '2027-01-22', 12, '2024-01-22 08:14:21', '2024-05-11 08:14:40'),
(187, 6, 20, 100, 'BARANG KELUAR', '2027-01-20', 12, '2024-01-22 03:14:47', '2024-05-11 08:15:26'),
(188, 9, 20, 150, 'BARANG KELUAR', '2027-01-20', 12, '2024-01-22 03:15:29', '2024-05-11 08:15:59'),
(189, 6, 12, 430, 'BARANG KELUAR', '2027-01-22', 12, '2024-01-22 03:16:06', '2024-05-11 08:16:25'),
(190, 10, 13, 200, 'BARANG KELUAR', '2027-01-22', 12, '2024-01-22 03:16:29', '2024-05-11 08:16:49'),
(191, 13, 27, 250, 'BARANG KELUAR', '2027-01-20', 12, '2024-01-22 04:16:53', '2024-05-11 08:17:13'),
(192, 6, 6, 200, 'BARANG KELUAR', '2027-01-22', 12, '2024-01-22 04:17:19', '2024-05-11 08:17:48'),
(193, 6, 46, 150, 'BARANG KELUAR', '2027-01-22', 12, '2024-01-22 04:17:51', '2024-05-11 08:18:22'),
(194, 10, 18, 866, 'BARANG KELUAR', '2027-01-22', 12, '2024-01-22 04:18:25', '2024-05-11 08:19:11'),
(195, 9, NULL, 587, 'HASIL PRODUKSI', '2027-01-23', 12, '2024-01-23 04:19:28', '2024-05-11 08:19:48'),
(196, 10, NULL, 3108, 'HASIL\r\n                                        PRODUKSI', '2027-01-23', 12, '2024-01-23 04:19:52', '2024-05-11 08:56:53'),
(197, 13, NULL, 1829, 'HASIL\r\n                                        PRODUKSI', '2027-01-23', 12, '2024-01-23 04:20:16', '2024-05-11 08:59:22'),
(198, 10, 12, 550, 'BARANG KELUAR', '2027-01-22', 12, '2024-01-23 08:20:49', '2024-05-11 08:21:21'),
(199, 13, 27, 250, 'BARANG KELUAR', '2027-07-22', 12, '2024-01-23 04:21:24', '2024-05-11 08:22:05'),
(200, 6, 6, 200, 'BARANG KELUAR', '2027-01-22', 12, '2024-01-23 04:22:08', '2024-05-11 08:22:35'),
(201, 10, 13, 250, 'BARANG KELUAR', '2027-07-23', 12, '2024-01-23 02:22:43', '2024-05-11 08:23:16'),
(202, 10, 44, 251, 'BARANG KELUAR', '2027-01-23', 12, '2024-01-23 02:23:18', '2024-05-11 08:23:44'),
(203, 10, NULL, 2190, 'HASIL PRODUKSI', '2027-01-24', 12, '2024-01-24 01:23:59', '2024-05-11 08:24:20'),
(204, 6, 6, 250, 'BARANG KELUAR', '2027-01-23', 12, '2024-01-24 03:24:24', '2024-05-11 08:24:49'),
(205, 10, 33, 651, 'BARANG KELUAR', '2027-01-23', 12, '2024-01-24 02:24:52', '2024-05-11 08:25:27'),
(206, 13, 27, 700, 'BARANG KELUAR', '2027-07-23', 12, '2024-01-24 01:25:30', '2024-05-11 08:26:00'),
(207, 10, 17, 830, 'BARANG KELUAR', '2027-01-24', 12, '2024-01-24 05:26:03', '2024-05-11 08:26:32'),
(208, 6, NULL, 1378, 'HASIL PRODUKSI', '2027-01-25', 12, '2024-01-25 01:26:46', '2024-05-11 08:27:16'),
(209, 9, NULL, 490, 'HASIL PRODUKSI', '2027-01-25', 12, '2024-01-25 02:27:20', '2024-05-11 08:27:49'),
(210, 10, NULL, 1874, 'HASIL\r\n                                        PRODUKSI', '2027-01-25', 12, '2024-01-25 09:27:54', '2024-05-11 08:57:44'),
(211, 12, NULL, 120, 'HASIL PRODUKSI', '2027-01-25', 12, '2024-01-25 08:28:31', '2024-05-11 08:29:04'),
(212, 10, 30, 202, 'BARANG KELUAR', '2027-01-25', 12, '2024-01-25 08:29:16', '2024-05-11 08:29:50'),
(213, 10, 22, 240, 'BARANG KELUAR', '2027-01-25', 12, '2024-01-25 08:29:53', '2024-05-11 08:30:22'),
(214, 6, 37, 250, 'BARANG KELUAR', '2027-01-25', 12, '2024-01-25 08:30:25', '2024-05-11 08:31:18'),
(215, 6, 43, 250, 'BARANG KELUAR', '2027-01-22', 12, '2024-01-25 08:31:21', '2024-05-11 08:32:10'),
(216, 9, 5, 150, 'BARANG KELUAR', '2027-01-25', 12, '2024-01-25 08:32:42', '2024-05-11 08:33:06'),
(217, 10, 18, 866, 'BARANG KELUAR', '2027-01-22', 12, '2024-01-25 08:33:22', '2024-05-11 08:33:47'),
(218, 12, 36, 800, 'BARANG KELUAR', '2027-01-22', 12, '2024-01-25 08:33:50', '2024-05-11 08:34:14'),
(219, 10, NULL, 1009, 'HASIL PRODUKSI', '2027-01-26', 12, '2024-01-26 08:34:40', '2024-05-11 08:34:58'),
(220, 11, NULL, 556, 'HASIL PRODUKSI', '2024-01-26', 12, '2024-01-26 08:35:01', '2024-05-11 08:35:21'),
(221, 13, NULL, 1200, 'HASIL PRODUKSI', '2027-01-26', 12, '2024-01-26 08:35:24', '2024-05-11 08:35:46'),
(222, 6, 12, 200, 'BARANG KELUAR', '2027-01-22', 12, '2024-01-26 08:35:48', '2024-05-11 08:36:10'),
(223, 9, 13, 200, 'HASIL PRODUKSI', '2027-01-25', 12, '2024-01-26 08:36:13', '2024-05-11 08:36:42'),
(224, 13, 27, 950, 'BARANG KELUAR', '2027-01-26', 12, '2024-01-26 08:36:44', '2024-05-11 08:37:09'),
(225, 11, NULL, 454, 'HASIL PRODUKSI', '2027-01-27', 12, '2024-01-27 08:37:25', '2024-05-11 08:37:40'),
(226, 13, NULL, 2112, 'HASIL PRODUKSI', '2027-01-27', 12, '2024-01-27 08:37:42', '2024-05-11 08:37:59'),
(227, 6, 24, 250, 'BARANG KELUAR', '2027-01-26', 12, '2024-01-27 08:38:02', '2024-05-11 08:38:31'),
(228, 6, 33, 450, 'BARANG KELUAR', '2027-01-25', 12, '2024-01-27 08:38:35', '2024-05-11 08:38:58'),
(229, 9, 33, 200, 'BARANG KELUAR', '2027-01-22', 12, '2024-01-27 08:39:03', '2024-05-11 08:39:39'),
(230, 10, 33, 501, 'BARANG KELUAR', '2027-01-20', 12, '2024-01-27 08:39:42', '2024-05-11 08:40:18'),
(231, 13, 27, 1872, 'BARANG KELUAR', '2027-01-27', 12, '2024-01-27 08:40:21', '2024-05-11 08:40:53'),
(232, 6, NULL, 1853, 'HASIL PRODUKSI', '2027-01-29', 12, '2024-01-29 08:41:16', '2024-05-11 08:41:41'),
(233, 12, NULL, 300, 'HASIL PRODUKSI', '2027-01-29', 12, '2024-01-29 08:41:43', '2024-05-11 08:42:03'),
(234, 11, NULL, 213, 'HASIL PRODUKSI', '2027-01-29', 12, '2024-01-29 08:42:06', '2024-05-11 08:42:29'),
(235, 6, 14, 650, 'BARANG KELUAR', '2027-01-29', 12, '2024-01-29 04:42:40', '2024-05-11 08:43:03'),
(236, 6, 34, 1258, 'BARANG KELUAR', '2027-01-29', 12, '2024-01-29 04:43:07', '2024-05-11 08:43:31'),
(237, 11, 33, 100, 'BARANG KELUAR', '2027-01-29', 12, '2024-01-29 04:43:34', '2024-05-11 08:43:57'),
(238, 11, 22, 550, 'BARANG KELUAR', '2027-01-27', 12, '2024-01-29 04:44:04', '2024-05-11 08:44:31'),
(239, 11, 41, 551, 'BARANG KELUAR', '2027-07-29', 12, '2024-01-29 04:44:34', '2024-05-11 08:45:04'),
(240, 13, 27, 400, 'BARANG KELUAR', '2027-01-27', 12, '2024-01-29 09:45:07', '2024-05-11 08:45:37'),
(241, 6, NULL, 2134, 'HASIL PRODUKSI', '2027-01-30', 12, '2024-01-30 02:46:01', '2024-05-11 08:46:22'),
(242, 12, NULL, 200, 'HASIL PRODUKSI', '2027-01-30', 12, '2024-01-30 03:46:25', '2024-05-11 08:46:46'),
(243, 11, NULL, 591, 'HASIL PRODUKSI', '2027-01-30', 12, '2024-01-30 04:46:52', '2024-05-11 08:47:17'),
(244, 6, 12, 150, 'BARANG KELUAR', '2027-01-29', 12, '2024-01-30 09:47:21', '2024-05-11 08:47:46'),
(245, 13, 27, 500, 'BARANG KELUAR', '2027-01-26', 12, '2024-01-30 06:47:52', '2024-05-11 08:48:17'),
(246, 6, 33, 1050, 'BARANG KELUAR', '2027-01-30', 12, '2024-01-30 04:48:20', '2024-05-11 08:48:45'),
(247, 10, 33, 850, 'BARANG KELUAR', '2027-01-29', 12, '2024-01-30 07:48:49', '2024-05-11 08:49:27'),
(248, 10, 45, 866, 'BARANG KELUAR', '2027-01-30', 12, '2024-01-31 04:49:31', '2024-05-11 08:50:13'),
(249, 6, 6, 250, 'BARANG KELUAR', '2027-01-31', 12, '2024-01-31 04:50:16', '2024-05-11 08:50:45'),
(250, 10, 17, 588, 'BARANG KELUAR', '2027-01-29', 12, '2024-01-31 06:50:48', '2024-05-11 08:51:19'),
(251, 10, 43, 250, 'BARANG KELUAR', '2027-01-29', 12, '2024-01-31 02:51:22', '2024-05-11 08:52:03'),
(252, 10, 33, 1631, 'BARANG KELUAR', '2027-01-29', 12, '2024-01-31 09:52:06', '2024-05-11 08:53:08'),
(253, 12, 34, 100, 'BARANG KELUAR', '2027-01-31', 12, '2024-01-31 08:53:15', '2024-05-11 08:53:38'),
(254, 11, 33, 201, 'BARANG KELUAR', '2027-01-27', 12, '2024-01-31 08:53:41', '2024-05-11 08:54:11'),
(255, 6, NULL, 1833, 'HASIL PRODUKSI', '2027-02-01', 12, '2024-02-01 04:19:21', '2024-05-11 10:19:52'),
(256, 10, NULL, 316, 'HASIL PRODUKSI', '2027-02-01', 12, '2024-02-01 04:20:00', '2024-05-11 10:20:33'),
(257, 12, NULL, 120, 'HASIL PRODUKSI', '2027-02-01', 12, '2024-02-01 04:20:37', '2024-05-11 10:21:05'),
(258, 13, NULL, 1200, 'HASIL PRODUKSI', '2027-02-01', 12, '2024-02-01 03:21:09', '2024-05-11 10:21:37'),
(259, 6, 12, 150, 'BARANG KELUAR', '2027-02-01', 12, '2024-02-01 05:21:47', '2024-05-11 10:22:38'),
(260, 6, 46, 153, 'BARANG KELUAR', '2027-02-01', 12, '2024-02-01 05:22:48', '2024-05-11 10:23:21'),
(261, 6, 44, 60, 'BARANG KELUAR', '2037-03-01', 12, '2024-02-01 04:23:29', '2024-05-11 10:25:15'),
(262, 6, 4, 650, 'BARANG KELUAR', '2027-02-01', 12, '2024-02-01 04:25:23', '2024-05-11 10:25:56'),
(263, 10, 21, 120, 'BARANG KELUAR', '2027-02-01', 12, '2024-02-01 04:26:02', '2024-05-11 10:26:50'),
(264, 6, 6, 150, 'BARANG KELUAR', '2027-02-01', 12, '2024-02-01 04:27:03', '2024-05-11 10:27:32'),
(265, 6, 33, 507, 'BARANG KELUAR', '2027-02-01', 12, '2024-02-01 04:27:35', '2024-05-11 10:28:13'),
(266, 9, 33, 101, 'BARANG KELUAR', '2027-02-01', 12, '2024-02-01 04:28:16', '2024-05-11 10:28:51'),
(267, 10, 33, 79, 'BARANG KELUAR', '2027-02-01', 12, '2024-02-01 04:28:55', '2024-05-11 10:29:33'),
(268, 12, 33, 572, 'BARANG KELUAR', '2027-02-01', 12, '2024-02-01 04:29:36', '2024-05-11 10:30:09'),
(269, 11, 33, 201, 'BARANG KELUAR', '2027-01-10', 12, '2024-02-01 04:30:13', '2024-05-11 10:30:46'),
(270, 10, 29, 60, 'BARANG KELUAR', '2027-02-01', 12, '2024-02-01 05:30:53', '2024-05-11 10:31:25'),
(271, 12, NULL, 150, 'HASIL PRODUKSI', '2027-02-02', 12, '2024-02-02 04:31:42', '2024-05-11 10:32:04'),
(272, 11, NULL, 615, 'HASIL PRODUKSI', '2027-02-02', 12, '2024-02-02 04:32:08', '2024-05-11 10:32:32'),
(273, 6, 26, 150, 'BARANG KELUAR', '2027-02-02', 12, '2024-02-02 04:32:48', '2024-05-11 10:33:28'),
(274, 6, 43, 200, 'BARANG KELUAR', '2027-02-02', 12, '2024-02-02 04:33:32', '2024-05-11 10:34:04'),
(275, 13, 27, 160, 'BARANG KELUAR', '2027-02-01', 12, '2024-02-02 04:34:53', '2024-05-11 10:35:22'),
(276, 13, 27, 1554, 'BARANG KELUAR', '2027-02-01', 12, '2024-02-01 04:35:59', '2024-05-11 10:36:22'),
(277, 10, 28, 150, 'BARANG KELUAR', '2027-02-01', 12, '2024-02-02 04:36:41', '2024-05-11 10:37:19'),
(278, 6, 23, 200, 'BARANG KELUAR', '2027-02-01', 12, '2024-02-02 04:37:29', '2024-05-11 10:38:09'),
(279, 12, 23, 60, 'BARANG KELUAR', '2027-02-01', 12, '2024-02-02 04:38:12', '2024-05-11 10:38:54');

-- --------------------------------------------------------

--
-- Table structure for table `migrations`
--

CREATE TABLE `migrations` (
  `id` int(10) UNSIGNED NOT NULL,
  `migration` varchar(255) COLLATE utf8mb4_unicode_ci NOT NULL,
  `batch` int(11) NOT NULL
) ENGINE=InnoDB DEFAULT CHARSET=utf8mb4 COLLATE=utf8mb4_unicode_ci;

--
-- Dumping data for table `migrations`
--

INSERT INTO `migrations` (`id`, `migration`, `batch`) VALUES
(1, '2014_10_12_000000_create_users_table', 1),
(2, '2014_10_12_100000_create_password_reset_tokens_table', 1),
(3, '2019_08_19_000000_create_failed_jobs_table', 1),
(4, '2019_12_14_000001_create_personal_access_tokens_table', 1),
(5, '2024_03_25_023449_create_categories_table', 2),
(6, '2024_03_25_031003_create_distributors_table', 3),
(9, '2024_03_25_032442_create_items_table', 4),
(10, '2024_04_01_045255_add_level_to_users_table', 5);

-- --------------------------------------------------------

--
-- Table structure for table `password_reset_tokens`
--

CREATE TABLE `password_reset_tokens` (
  `email` varchar(255) COLLATE utf8mb4_unicode_ci NOT NULL,
  `token` varchar(255) COLLATE utf8mb4_unicode_ci NOT NULL,
  `created_at` timestamp NULL DEFAULT NULL
) ENGINE=InnoDB DEFAULT CHARSET=utf8mb4 COLLATE=utf8mb4_unicode_ci;

-- --------------------------------------------------------

--
-- Table structure for table `personal_access_tokens`
--

CREATE TABLE `personal_access_tokens` (
  `id` bigint(20) UNSIGNED NOT NULL,
  `tokenable_type` varchar(255) COLLATE utf8mb4_unicode_ci NOT NULL,
  `tokenable_id` bigint(20) UNSIGNED NOT NULL,
  `name` varchar(255) COLLATE utf8mb4_unicode_ci NOT NULL,
  `token` varchar(64) COLLATE utf8mb4_unicode_ci NOT NULL,
  `abilities` text COLLATE utf8mb4_unicode_ci DEFAULT NULL,
  `last_used_at` timestamp NULL DEFAULT NULL,
  `expires_at` timestamp NULL DEFAULT NULL,
  `created_at` timestamp NULL DEFAULT NULL,
  `updated_at` timestamp NULL DEFAULT NULL
) ENGINE=InnoDB DEFAULT CHARSET=utf8mb4 COLLATE=utf8mb4_unicode_ci;

-- --------------------------------------------------------

--
-- Table structure for table `users`
--

CREATE TABLE `users` (
  `id` bigint(20) UNSIGNED NOT NULL,
  `name` varchar(255) COLLATE utf8mb4_unicode_ci NOT NULL,
  `username` varchar(255) COLLATE utf8mb4_unicode_ci NOT NULL,
  `password` varchar(255) COLLATE utf8mb4_unicode_ci NOT NULL,
  `level` varchar(255) COLLATE utf8mb4_unicode_ci NOT NULL,
  `foto` varchar(255) COLLATE utf8mb4_unicode_ci NOT NULL,
  `remember_token` varchar(100) COLLATE utf8mb4_unicode_ci DEFAULT NULL,
  `created_at` timestamp NULL DEFAULT NULL,
  `updated_at` timestamp NULL DEFAULT NULL
) ENGINE=InnoDB DEFAULT CHARSET=utf8mb4 COLLATE=utf8mb4_unicode_ci;

--
-- Dumping data for table `users`
--

INSERT INTO `users` (`id`, `name`, `username`, `password`, `level`, `foto`, `remember_token`, `created_at`, `updated_at`) VALUES
(3, 'Owner', 'owner', '$2y$10$JE1HD6eYMKD69H/43c87SurZJ/gpcGR.Zg10qdYIV5RrpXuEgA8IS', 'owner', '17119526364.jpeg', NULL, '2024-03-31 22:09:58', '2024-03-31 23:23:56'),
(12, 'Sowi Haryanti', 'sowi', '$2y$10$nB7S9h0FIK/20SdCwAzcredP2UfvS1Yqs7RBZglEgvXCa9Zs75Ngi', 'admin', '17146683954.jpg', NULL, '2024-05-02 09:43:21', '2024-05-09 08:38:29');

--
-- Indexes for dumped tables
--

--
-- Indexes for table `categories`
--
ALTER TABLE `categories`
  ADD PRIMARY KEY (`id`);

--
-- Indexes for table `distributors`
--
ALTER TABLE `distributors`
  ADD PRIMARY KEY (`id`);

--
-- Indexes for table `failed_jobs`
--
ALTER TABLE `failed_jobs`
  ADD PRIMARY KEY (`id`),
  ADD UNIQUE KEY `failed_jobs_uuid_unique` (`uuid`);

--
-- Indexes for table `items`
--
ALTER TABLE `items`
  ADD PRIMARY KEY (`id`),
  ADD KEY `items_category_id_foreign` (`category_id`),
  ADD KEY `items_distributor_id_foreign` (`distributor_id`);

--
-- Indexes for table `migrations`
--
ALTER TABLE `migrations`
  ADD PRIMARY KEY (`id`);

--
-- Indexes for table `password_reset_tokens`
--
ALTER TABLE `password_reset_tokens`
  ADD PRIMARY KEY (`email`);

--
-- Indexes for table `personal_access_tokens`
--
ALTER TABLE `personal_access_tokens`
  ADD PRIMARY KEY (`id`),
  ADD UNIQUE KEY `personal_access_tokens_token_unique` (`token`),
  ADD KEY `personal_access_tokens_tokenable_type_tokenable_id_index` (`tokenable_type`,`tokenable_id`);

--
-- Indexes for table `users`
--
ALTER TABLE `users`
  ADD PRIMARY KEY (`id`);

--
-- AUTO_INCREMENT for dumped tables
--

--
-- AUTO_INCREMENT for table `categories`
--
ALTER TABLE `categories`
  MODIFY `id` bigint(20) UNSIGNED NOT NULL AUTO_INCREMENT, AUTO_INCREMENT=14;

--
-- AUTO_INCREMENT for table `distributors`
--
ALTER TABLE `distributors`
  MODIFY `id` bigint(20) UNSIGNED NOT NULL AUTO_INCREMENT, AUTO_INCREMENT=50;

--
-- AUTO_INCREMENT for table `failed_jobs`
--
ALTER TABLE `failed_jobs`
  MODIFY `id` bigint(20) UNSIGNED NOT NULL AUTO_INCREMENT;

--
-- AUTO_INCREMENT for table `items`
--
ALTER TABLE `items`
  MODIFY `id` bigint(20) UNSIGNED NOT NULL AUTO_INCREMENT, AUTO_INCREMENT=280;

--
-- AUTO_INCREMENT for table `migrations`
--
ALTER TABLE `migrations`
  MODIFY `id` int(10) UNSIGNED NOT NULL AUTO_INCREMENT, AUTO_INCREMENT=11;

--
-- AUTO_INCREMENT for table `personal_access_tokens`
--
ALTER TABLE `personal_access_tokens`
  MODIFY `id` bigint(20) UNSIGNED NOT NULL AUTO_INCREMENT;

--
-- AUTO_INCREMENT for table `users`
--
ALTER TABLE `users`
  MODIFY `id` bigint(20) UNSIGNED NOT NULL AUTO_INCREMENT, AUTO_INCREMENT=13;

--
-- Constraints for dumped tables
--

--
-- Constraints for table `items`
--
ALTER TABLE `items`
  ADD CONSTRAINT `items_category_id_foreign` FOREIGN KEY (`category_id`) REFERENCES `categories` (`id`) ON DELETE CASCADE,
  ADD CONSTRAINT `items_distributor_id_foreign` FOREIGN KEY (`distributor_id`) REFERENCES `distributors` (`id`) ON DELETE CASCADE;
COMMIT;
